{"cameraMode":{"drawMode":0,"name":"Shaded","section":"Shading Mode"},"sceneLighting":false,"audioPlay":false,"sceneViewState":{"showFog":false,"showMaterialUpdate":false,"showSkybox":false,"showFlares":false,"showImageEffects":false,"showParticleSystems":false,"showVisualEffectGraphs":true,"m_FxEnabled":true},"in2DMode":false,"pivot":{"x":0.22196456789970399,"y":0.23570160567760468,"z":-0.23221038281917573},"rotation":{"x":0.023406798020005227,"y":-0.8460962772369385,"z":0.037599142640829089,"w":0.53143709897995},"size":0.6495190262794495,"orthographic":false}