{"cameraMode":{"drawMode":0,"name":"Shaded","section":"Shading Mode"},"sceneLighting":true,"audioPlay":false,"sceneViewState":{"showFog":false,"showMaterialUpdate":false,"showSkybox":false,"showFlares":false,"showImageEffects":false,"showParticleSystems":false},"in2DMode":false,"pivot":{"x":9.117212295532227,"y":8.103349685668946,"z":7.206637382507324},"rotation":{"x":-0.1734333336353302,"y":-0.003649395192041993,"z":0.0006879506399855018,"w":-0.9848766922950745},"size":1.190673828125,"orthographic":false}