{"cameraMode":{"drawMode":0,"name":"Shaded","section":"Shading Mode"},"sceneLighting":false,"audioPlay":false,"sceneViewState":{"showFog":false,"showMaterialUpdate":false,"showSkybox":false,"showFlares":false,"showImageEffects":false,"showParticleSystems":false,"showVisualEffectGraphs":true,"m_FxEnabled":true},"in2DMode":false,"pivot":{"x":-1.0864384174346924,"y":-0.7161475419998169,"z":-1.454341173171997},"rotation":{"x":0.12468525022268295,"y":-0.006691798102110624,"z":0.001011011889204383,"w":0.9923052191734314},"size":0.6062178015708923,"orthographic":false}