{"cameraMode":{"drawMode":0,"name":"Shaded","section":"Shading Mode"},"sceneLighting":true,"audioPlay":false,"sceneViewState":{"showFog":false,"showMaterialUpdate":false,"showSkybox":false,"showFlares":false,"showImageEffects":false,"showParticleSystems":false},"in2DMode":false,"pivot":{"x":248.77523803710938,"y":144.99099731445313,"z":-205.0387420654297},"rotation":{"x":-0.007191500626504421,"y":0.011802854016423226,"z":0.00007012817513896152,"w":0.9999294877052307},"size":227.64414978027345,"orthographic":false}