{"cameraMode":{"drawMode":0,"name":"Shaded","section":"Shading Mode"},"sceneLighting":true,"audioPlay":false,"sceneViewState":{"showFog":false,"showMaterialUpdate":false,"showSkybox":false,"showFlares":false,"showImageEffects":false,"showParticleSystems":false},"in2DMode":false,"pivot":{"x":26.32271385192871,"y":16.522279739379884,"z":-0.554471492767334},"rotation":{"x":0.5612797737121582,"y":-0.3156972825527191,"z":0.24442119896411897,"w":0.7249881625175476},"size":1.964101791381836,"orthographic":false}