{"cameraMode":{"drawMode":0,"name":"Shaded","section":"Shading Mode"},"sceneLighting":true,"audioPlay":false,"sceneViewState":{"showFog":false,"showMaterialUpdate":false,"showSkybox":false,"showFlares":false,"showImageEffects":false,"showParticleSystems":false},"in2DMode":false,"pivot":{"x":363.09735107421877,"y":174.1156768798828,"z":-327.7889709472656},"rotation":{"x":0.056264616549015048,"y":-0.023651093244552614,"z":0.001333435415290296,"w":0.9981538653373718},"size":133.21095275878907,"orthographic":false}