{"cameraMode":{"drawMode":0,"name":"Shaded","section":"Shading Mode"},"sceneLighting":true,"audioPlay":false,"sceneViewState":{"showFog":false,"showMaterialUpdate":false,"showSkybox":false,"showFlares":false,"showImageEffects":false,"showParticleSystems":false},"in2DMode":false,"pivot":{"x":304.8470153808594,"y":46.409088134765628,"z":217.10755920410157},"rotation":{"x":0.21289998292922975,"y":-0.16730082035064698,"z":0.03702472895383835,"w":0.9619572758674622},"size":390.2451171875,"orthographic":false}