{"cameraMode":{"drawMode":0,"name":"Shaded","section":"Shading Mode"},"sceneLighting":true,"audioPlay":false,"sceneViewState":{"showFog":false,"showMaterialUpdate":false,"showSkybox":false,"showFlares":false,"showImageEffects":false,"showParticleSystems":false},"in2DMode":false,"pivot":{"x":0.32168227434158327,"y":-1.4538483619689942,"z":7.975344657897949},"rotation":{"x":0.22408121824264527,"y":0.008105712942779065,"z":-0.0018561946926638485,"w":0.9745763540267944},"size":6.689544200897217,"orthographic":false}