{"cameraMode":{"drawMode":0,"name":"Shaded","section":"Shading Mode"},"sceneLighting":false,"audioPlay":false,"sceneViewState":{"showFog":false,"showMaterialUpdate":false,"showSkybox":false,"showFlares":false,"showImageEffects":false,"showParticleSystems":false},"in2DMode":false,"pivot":{"x":0.27573803067207339,"y":-0.2611851394176483,"z":1.794647216796875},"rotation":{"x":0.00441728625446558,"y":-0.9933595061302185,"z":0.10751048475503922,"w":0.04085758700966835},"size":0.8660253882408142,"orthographic":false}