{"cameraMode":{"drawMode":0,"name":"Shaded","section":"Shading Mode"},"sceneLighting":true,"audioPlay":false,"sceneViewState":{"showFog":false,"showMaterialUpdate":false,"showSkybox":false,"showFlares":false,"showImageEffects":false,"showParticleSystems":false},"in2DMode":false,"pivot":{"x":7.9635186195373539,"y":2.2738137245178224,"z":7.460033416748047},"rotation":{"x":0.30935001373291018,"y":-0.010441013611853123,"z":0.0033243403304368259,"w":0.9509819149971008},"size":5.140422344207764,"orthographic":false}