{"cameraMode":{"drawMode":0,"name":"Shaded","section":"Shading Mode"},"sceneLighting":true,"audioPlay":false,"sceneViewState":{"showFog":false,"showMaterialUpdate":false,"showSkybox":false,"showFlares":false,"showImageEffects":false,"showParticleSystems":false},"in2DMode":false,"pivot":{"x":233.56871032714845,"y":158.46937561035157,"z":-133.92086791992188},"rotation":{"x":-0.045991525053977969,"y":-0.00826477911323309,"z":-0.0002122209407389164,"w":0.9990387558937073},"size":50.90509033203125,"orthographic":false}