{"cameraMode":{"drawMode":0,"name":"Shaded","section":"Shading Mode"},"sceneLighting":true,"audioPlay":false,"sceneViewState":{"showFog":false,"showMaterialUpdate":false,"showSkybox":false,"showFlares":false,"showImageEffects":false,"showParticleSystems":false},"in2DMode":false,"pivot":{"x":-1.898580551147461,"y":11.908201217651368,"z":9.584172248840332},"rotation":{"x":0.20464856922626496,"y":0.3694498538970947,"z":-0.08388637751340866,"w":0.9026404619216919},"size":1.299038052558899,"orthographic":false}