{"cameraMode":{"drawMode":0,"name":"Shaded","section":"Shading Mode"},"sceneLighting":true,"audioPlay":false,"sceneViewState":{"showFog":false,"showMaterialUpdate":false,"showSkybox":false,"showFlares":false,"showImageEffects":false,"showParticleSystems":false},"in2DMode":false,"pivot":{"x":-33.723731994628909,"y":22.530765533447267,"z":11.317376136779786},"rotation":{"x":0.3974900543689728,"y":-0.012100227177143097,"z":0.00525650754570961,"w":0.9175331592559815},"size":10.0,"orthographic":false}