{"cameraMode":{"drawMode":0,"name":"Shaded","section":"Shading Mode"},"sceneLighting":true,"audioPlay":false,"sceneViewState":{"showFog":false,"showMaterialUpdate":false,"showSkybox":false,"showFlares":false,"showImageEffects":false,"showParticleSystems":false},"in2DMode":false,"pivot":{"x":163.39813232421876,"y":150.4556427001953,"z":-205.6086883544922},"rotation":{"x":-0.013186238706111908,"y":0.029796971008181573,"z":0.00037835832335986197,"w":0.9994940161705017},"size":72.48247528076172,"orthographic":false}