{"cameraMode":{"drawMode":0,"name":"Shaded","section":"Shading Mode"},"sceneLighting":true,"audioPlay":false,"sceneViewState":{"showFog":false,"showMaterialUpdate":false,"showSkybox":false,"showFlares":false,"showImageEffects":false,"showParticleSystems":false},"in2DMode":false,"pivot":{"x":3.5725836753845217,"y":-0.3850669860839844,"z":4.829171180725098},"rotation":{"x":0.5518155097961426,"y":-0.31017792224884035,"z":0.2316165566444397,"w":0.7388055920600891},"size":5.140422344207764,"orthographic":false}