{"cameraMode":{"drawMode":0,"name":"Shaded","section":"Shading Mode"},"sceneLighting":true,"audioPlay":false,"sceneViewState":{"showFog":false,"showMaterialUpdate":false,"showSkybox":false,"showFlares":false,"showImageEffects":false,"showParticleSystems":false},"in2DMode":false,"pivot":{"x":-809.0804443359375,"y":-480.5020751953125,"z":-1527.6080322265625},"rotation":{"x":0.036971110850572589,"y":-0.9515250325202942,"z":0.1266377568244934,"w":0.2778518795967102},"size":733.6238403320313,"orthographic":false}