{"cameraMode":{"drawMode":0,"name":"Shaded","section":"Shading Mode"},"sceneLighting":true,"audioPlay":false,"sceneViewState":{"showFog":false,"showMaterialUpdate":false,"showSkybox":false,"showFlares":false,"showImageEffects":false,"showParticleSystems":false},"in2DMode":false,"pivot":{"x":284.0986633300781,"y":248.9014434814453,"z":-196.6224822998047},"rotation":{"x":0.10835300385951996,"y":-0.19861234724521638,"z":0.02210162952542305,"w":0.9738346934318543},"size":4.807394981384277,"orthographic":false}