{"cameraMode":{"drawMode":0,"name":"Shaded","section":"Shading Mode"},"sceneLighting":true,"audioPlay":false,"sceneViewState":{"showFog":false,"showMaterialUpdate":false,"showSkybox":false,"showFlares":false,"showImageEffects":false,"showParticleSystems":false},"in2DMode":false,"pivot":{"x":29.36334800720215,"y":13.078295707702637,"z":4.144920349121094},"rotation":{"x":0.5030156373977661,"y":-0.13429945707321168,"z":0.07947354018688202,"w":0.850091814994812},"size":5.107395172119141,"orthographic":false}