{"cameraMode":{"drawMode":0,"name":"Shaded","section":"Shading Mode"},"sceneLighting":true,"audioPlay":false,"sceneViewState":{"showFog":false,"showMaterialUpdate":false,"showSkybox":false,"showFlares":false,"showImageEffects":false,"showParticleSystems":false},"in2DMode":false,"pivot":{"x":323.40411376953127,"y":254.1812744140625,"z":-214.1663360595703},"rotation":{"x":0.015498828142881394,"y":0.0008158243144862354,"z":-0.000007512131105613662,"w":0.9999123811721802},"size":73.47745513916016,"orthographic":false}